id,qname,heading,text,type,diagram,website,updated
,RailCorridor,RailCorridor,A RailCorridor is a type of TravelledWay that is made up of TrackLinks.,Class,https://w3id.org/citydata/part3/v1/diagrams/RailCorridor.dot.svg,https://w3id.org/citydata/part3/v1/RailCorridor,2026-07-23T17:44:22.205530
,Footpath,Footpath,A Footpath is a type of TravelledWay that is made up of FootpathLinks.,Class,https://w3id.org/citydata/part3/v1/diagrams/Footpath.dot.svg,https://w3id.org/citydata/part3/v1/Footpath,2026-07-23T17:44:22.205530
,PublicTransportSystem,PublicTransportSystem,A PublicTransportSystem provides transport services to members of the public.,Class,https://w3id.org/citydata/part3/v1/diagrams/PublicTransportSystem.dot.svg,https://w3id.org/citydata/part3/v1/PublicTransportSystem,2026-07-23T17:44:22.205530
,VehicleFlowRate,VehicleFlowRate,A flow rate measured in vehicles per unit time.,Class,https://w3id.org/citydata/part3/v1/diagrams/VehicleFlowRate.dot.svg,https://w3id.org/citydata/part3/v1/VehicleFlowRate,2026-07-23T17:44:22.205530
,MicromobilityNetwork,MicromobilityNetwork,"A MicromobilityNetwork is a type of RoadNetwork designed for the use of micromobility vehicles, which have more limited performance characteristics than motor vehicles.",Class,https://w3id.org/citydata/part3/v1/diagrams/MicromobilityNetwork.dot.svg,https://w3id.org/citydata/part3/v1/MicromobilityNetwork,2026-07-23T17:44:22.205530
,RoutePoint,RoutePoint,A RoutePoint represents a point of interest along a PublicTransportRoute.,Class,https://w3id.org/citydata/part3/v1/diagrams/RoutePoint.dot.svg,https://w3id.org/citydata/part3/v1/RoutePoint,2026-07-23T17:44:22.205530
,RoadLinkUserType,RoadLinkUserType,A RoadLinkUserType represents the unique combination of a RoadLink and a UserType such that speed limits and other characteristics can be defined to apply to specific user types when operating along a particular road link.,Class,https://w3id.org/citydata/part3/v1/diagrams/RoadLinkUserType.dot.svg,https://w3id.org/citydata/part3/v1/RoadLinkUserType,2026-07-23T17:44:22.205530
,PublicTransportRoute,PublicTransportRoute,A PublicTransportRoute represents one specific path used by a public transport vehicle to transport passengers to and from designated locations.,Class,https://w3id.org/citydata/part3/v1/diagrams/PublicTransportRoute.dot.svg,https://w3id.org/citydata/part3/v1/PublicTransportRoute,2026-07-23T17:44:22.205530
,Junction,Junction,A Junction is a TransportNode that allows a traveller to connect from one TravelledWayLink to another.,Class,https://w3id.org/citydata/part3/v1/diagrams/Junction.dot.svg,https://w3id.org/citydata/part3/v1/Junction,2026-07-23T17:44:22.205530
,RoadSection,RoadSection,"A RoadSection is a type of TravelledWaySection that groups RoadLinks and RoadSegments for a useful operational purpose (e.g., assigning a speed limit, designating a traffic control scheme).",Class,https://w3id.org/citydata/part3/v1/diagrams/RoadSection.dot.svg,https://w3id.org/citydata/part3/v1/RoadSection,2026-07-23T17:44:22.205530
,TravelCorridorLink,TravelCorridorLink,A TravelCorridorLink is a type of TravelledWayLink that is made up of TravelCorridorSegments.,Class,https://w3id.org/citydata/part3/v1/diagrams/TravelCorridorLink.dot.svg,https://w3id.org/citydata/part3/v1/TravelCorridorLink,2026-07-23T17:44:22.205530
,FootpathSegment,FootpathSegment,"A FootpathSegment can be defined to be a part of a FootpathSection, especially when the FootpathSection does not span an entire FootpathLink.",Class,https://w3id.org/citydata/part3/v1/diagrams/FootpathSegment.dot.svg,https://w3id.org/citydata/part3/v1/FootpathSegment,2026-07-23T17:44:22.205530
,TravelCorridor,TravelCorridor,A TravelCorridor is a type of TravelledWay that is made up of TravelCorridorLinks.,Class,https://w3id.org/citydata/part3/v1/diagrams/TravelCorridor.dot.svg,https://w3id.org/citydata/part3/v1/TravelCorridor,2026-07-23T17:44:22.205530
,TravelledWaySection,TravelledWaySection,A TravelledWaySection is a type of NetworkElement that represents an aggregation of TravelledWayLinks and TravelledWaySegments that jointly represent a contiguous length of a path that shares the same management and operational strategies (within the scope of interest of the implementation).,Class,https://w3id.org/citydata/part3/v1/diagrams/TravelledWaySection.dot.svg,https://w3id.org/citydata/part3/v1/TravelledWaySection,2026-07-23T17:44:22.205530
,TravelledWaySegment,TravelledWaySegment,A TravelledWaySegment is a type of a transinfras:TravelledWaySegment and NetworkElement that represents a contiguous length of a TravelledWayLink characterized by the same physical characteristics.,Class,https://w3id.org/citydata/part3/v1/diagrams/TravelledWaySegment.dot.svg,https://w3id.org/citydata/part3/v1/TravelledWaySegment,2026-07-23T17:44:22.205530
,MicromobilityLane,MicromobilityLane,A MicromobilityLane is a type of RoadLane that forms part of a MicromobilityPathSegment.,Class,https://w3id.org/citydata/part3/v1/diagrams/MicromobilityLane.dot.svg,https://w3id.org/citydata/part3/v1/MicromobilityLane,2026-07-23T17:44:22.205530
,TransportNetwork,TransportNetwork,"A TransportNetwork is a NetworkElement that is a collection of other network elements that jointly represent a network of paths along which entities (e.g., vehicles, pedestrians) of a specified mode can operate.",Class,https://w3id.org/citydata/part3/v1/diagrams/TransportNetwork.dot.svg,https://w3id.org/citydata/part3/v1/TransportNetwork,2026-07-23T17:44:22.205530
,RailNetwork,RailNetwork,A RailNetwork is a type of TransportNetwork using rails on a stabilized base.,Class,https://w3id.org/citydata/part3/v1/diagrams/RailNetwork.dot.svg,https://w3id.org/citydata/part3/v1/RailNetwork,2026-07-23T17:44:22.205530
,MicromobilityPathSegment,MicromobilityPathSegment,"A MicromobilityPathSegment can be defined to be a part of a MicromobilityPathSection, especially when the MicromobilityPathSection does not span an entire MicromobilityLink.",Class,https://w3id.org/citydata/part3/v1/diagrams/MicromobilityPathSegment.dot.svg,https://w3id.org/citydata/part3/v1/MicromobilityPathSegment,2026-07-23T17:44:22.205530
,RoadLane,RoadLane,A RoadLane is a type of TravelledWayLane that forms part of a RoadSegment.,Class,https://w3id.org/citydata/part3/v1/diagrams/RoadLane.dot.svg,https://w3id.org/citydata/part3/v1/RoadLane,2026-07-23T17:44:22.205530
,TransportNode,TransportNode,A TransportNode is a NetworkElement that represents a node on the transport network that can be used to designate an end to a link or to join links.,Class,https://w3id.org/citydata/part3/v1/diagrams/TransportNode.dot.svg,https://w3id.org/citydata/part3/v1/TransportNode,2026-07-23T17:44:22.205530
,MicromobilityPath,MicromobilityPath,A MicromobilityPath is a type of Road that is made up of MicromobilityPathLinks.,Class,https://w3id.org/citydata/part3/v1/diagrams/MicromobilityPath.dot.svg,https://w3id.org/citydata/part3/v1/MicromobilityPath,2026-07-23T17:44:22.205530
,TravelledWayLane,TravelledWayLane,"A TravelledWayLane is a NetworkElement that is a portion of TravelledWaySegment intended to accommodate a single line of moving material entities (e.g., vehicles) along its length.",Class,https://w3id.org/citydata/part3/v1/diagrams/TravelledWayLane.dot.svg,https://w3id.org/citydata/part3/v1/TravelledWayLane,2026-07-23T17:44:22.205530
,RailSection,RailSection,"A RailSection is a type of TravelledWaySection that groups TrackLinks and TrackSegments for a useful operational purpose (e.g., assigning a speed limit, designating a traffic control scheme).",Class,https://w3id.org/citydata/part3/v1/diagrams/RailSection.dot.svg,https://w3id.org/citydata/part3/v1/RailSection,2026-07-23T17:44:22.205530
,FootpathNetwork,FootpathNetwork,A FootpathNetwork is a type of TransportNetwork designed for the use of pedestrians but may be used by others as well.,Class,https://w3id.org/citydata/part3/v1/diagrams/FootpathNetwork.dot.svg,https://w3id.org/citydata/part3/v1/FootpathNetwork,2026-07-23T17:44:22.205530
,PointOnRoute,PointOnRoute,A PointOnRoute represents an ordered RoutePoint for a PublicTransportRoute.,Class,https://w3id.org/citydata/part3/v1/diagrams/PointOnRoute.dot.svg,https://w3id.org/citydata/part3/v1/PointOnRoute,2026-07-23T17:44:22.205530
,ScheduledCode,ScheduledCode,"The operational status of an entity, e.g., open or closed.",Class,https://w3id.org/citydata/part3/v1/diagrams/ScheduledCode.dot.svg,https://w3id.org/citydata/part3/v1/ScheduledCode,2026-07-23T17:44:22.205530
,TravelledWay,TravelledWay,A TravelledWay is a type of NetworkElement and transinfras:TravelledWay that represents the curvilinear length of a transport route that is identified by a specific designator.,Class,https://w3id.org/citydata/part3/v1/diagrams/TravelledWay.dot.svg,https://w3id.org/citydata/part3/v1/TravelledWay,2026-07-23T17:44:22.205530
,NetworkElement,NetworkElement,A NetworkElement represents any element of a transport network. It can be a part of another NetworkElement and can be decomposed into smaller NetworkElements.,Class,https://w3id.org/citydata/part3/v1/diagrams/NetworkElement.dot.svg,https://w3id.org/citydata/part3/v1/NetworkElement,2026-07-23T17:44:22.205530
,PublicTransportSystemThing,PublicTransportSystemThing,"Added for organizational purposes, to identify classes defined in the Public Transport System Pattern ontology.",Class,https://w3id.org/citydata/part3/v1/diagrams/PublicTransportSystemThing.dot.svg,https://w3id.org/citydata/part3/v1/PublicTransportSystemThing,2026-07-23T17:44:22.205530
,MicromobilityLink,MicromobilityLink,A MicromobilityLink is a type of RoadLink designed for micromobility vehicles.,Class,https://w3id.org/citydata/part3/v1/diagrams/MicromobilityLink.dot.svg,https://w3id.org/citydata/part3/v1/MicromobilityLink,2026-07-23T17:44:22.205530
,RoadNetwork,RoadNetwork,"Roads are most commonly associated with motor vehicles, but can be designed for other types of vehicles (e.g., micromobility vehicles).",Class,https://w3id.org/citydata/part3/v1/diagrams/RoadNetwork.dot.svg,https://w3id.org/citydata/part3/v1/RoadNetwork,2026-07-23T17:44:22.205530
,PublicTransportLine,PublicTransportLine,A PublicTransportLine is one or more routes used by public transport vehicles to transport passengers to and from designated locations.,Class,https://w3id.org/citydata/part3/v1/diagrams/PublicTransportLine.dot.svg,https://w3id.org/citydata/part3/v1/PublicTransportLine,2026-07-23T17:44:22.205530
,RoadSegment,RoadSegment,"A RoadSegment can be defined to be a part of a RoadSection, for example, when the RoadSection does not span an entire RoadLink.",Class,https://w3id.org/citydata/part3/v1/diagrams/RoadSegment.dot.svg,https://w3id.org/citydata/part3/v1/RoadSegment,2026-07-23T17:44:22.205530
,RoadLink,RoadLink,A RoadLink is a type of TravelledWayLink and cdm2:RoadLink using a stabilized base designed for the movement of vehicles that conform to a specified set of requirements but may be used by others as well.,Class,https://w3id.org/citydata/part3/v1/diagrams/RoadLink.dot.svg,https://w3id.org/citydata/part3/v1/RoadLink,2026-07-23T17:44:22.205530
,Road,Road,A Road is a type of TravelledWay and cdm2:Road that is made up of RoadLinks. Roads form a proper part of RoadNetworks.,Class,https://w3id.org/citydata/part3/v1/diagrams/Road.dot.svg,https://w3id.org/citydata/part3/v1/Road,2026-07-23T17:44:22.205530
,TransportAlertThing,TransportAlertThing,"The transport alert pattern addresses the need for public agencies to alert groups to unusual transport-related conditions. Most of the features of the transport alert pattern can also be used for other types of alerts (e.g., meteorological events) and as such, its design includes the definition of a generalized alert.",Class,https://w3id.org/citydata/part3/v1/diagrams/TransportAlertThing.dot.svg,https://w3id.org/citydata/part3/v1/TransportAlertThing,2026-07-23T17:44:22.205530
,TravelCorridorSegment,TravelCorridorSegment,A TravelCorridorSegment is a type of TravelledWaySegment that logically groups multiple TravelledWaySegments together as being co-located or side-by-side.,Class,https://w3id.org/citydata/part3/v1/diagrams/TravelCorridorSegment.dot.svg,https://w3id.org/citydata/part3/v1/TravelCorridorSegment,2026-07-23T17:44:22.205530
,TravelledWayLink,TravelledWayLink,A TravelledWayLink is a type of NetworkElement and transinfras:TravelledWayLink. It represents a contiguous length of a TravelledWay between two TransportNodes of operational or managerial significance.,Class,https://w3id.org/citydata/part3/v1/diagrams/TravelledWayLink.dot.svg,https://w3id.org/citydata/part3/v1/TravelledWayLink,2026-07-23T17:44:22.205530
,TransportAlert,TransportAlert,A TransportAlert is a type of alert that can be used to notify people of important transport information.,Class,https://w3id.org/citydata/part3/v1/diagrams/TransportAlert.dot.svg,https://w3id.org/citydata/part3/v1/TransportAlert,2026-07-23T17:44:22.205530
,MicromobilityPathSection,MicromobilityPathSection,"A MicromobilityPathSections is a type of RoadSection that groups MicromobilityLinks and MicromobilityPathSegments for a useful operational purpose (e.g., assigning a speed limit, designating areas of shared use).",Class,https://w3id.org/citydata/part3/v1/diagrams/MicromobilityPathSection.dot.svg,https://w3id.org/citydata/part3/v1/MicromobilityPathSection,2026-07-23T17:44:22.205530
,TrackLink,TrackLink,"Due to the nature of rail, each TrackLink consists of a single lane, but multiple TrackLinks can exist along the same RailCorridor.",Class,https://w3id.org/citydata/part3/v1/diagrams/TrackLink.dot.svg,https://w3id.org/citydata/part3/v1/TrackLink,2026-07-23T17:44:22.205530
,FootpathLink,FootpathLink,A Footpath Link is a type of TravelledWayLink designed for pedestrians.,Class,https://w3id.org/citydata/part3/v1/diagrams/FootpathLink.dot.svg,https://w3id.org/citydata/part3/v1/FootpathLink,2026-07-23T17:44:22.205530
,PublicTransportElement,PublicTransportElement,A PublicTransportElement represents any element of a public transport system. It can be a part of another PublicTransportElement and can be decomposed into smaller PublicTransportElement.,Class,https://w3id.org/citydata/part3/v1/diagrams/PublicTransportElement.dot.svg,https://w3id.org/citydata/part3/v1/PublicTransportElement,2026-07-23T17:44:22.205530
,TrackSegment,TrackSegment,A TrackSegment is a type of TravelledWaySegment that represents a portion of a TrackLink with common physical characteristics.,Class,https://w3id.org/citydata/part3/v1/diagrams/TrackSegment.dot.svg,https://w3id.org/citydata/part3/v1/TrackSegment,2026-07-23T17:44:22.205530
,TransportNetworkThing,TransportNetworkThing,"The Transport Network Pattern models the core concepts involved in describing a transport network. This includes an identification of both physical and administrative characteristics. The most general class is that of the NetworkElement, which can be further classified as one of several types of NetworkElements. A key feature of this pattern is the formalization of the hasProperPart relationship from a NetworkElement to another NetworkElement. This allows for a representation of networks at mult",Class,https://w3id.org/citydata/part3/v1/diagrams/TransportNetworkThing.dot.svg,https://w3id.org/citydata/part3/v1/TransportNetworkThing,2026-07-23T17:44:22.205530
,FootpathLane,FootpathLane,A FootpathLane is a type of TravelledWayLane that forms part of a FootpathSegment.,Class,https://w3id.org/citydata/part3/v1/diagrams/FootpathLane.dot.svg,https://w3id.org/citydata/part3/v1/FootpathLane,2026-07-23T17:44:22.205530
,GroupOfLines,GroupOfLines,A GroupOfLines is a logical grouping of PublicTransportLines for any useful purpose.,Class,https://w3id.org/citydata/part3/v1/diagrams/GroupOfLines.dot.svg,https://w3id.org/citydata/part3/v1/GroupOfLines,2026-07-23T17:44:22.205530
,FootpathSection,FootpathSection,A FootpathSection is a type of TravelledWaySection that groups FootpathLinks and FootpathSegments for a useful operational purpose.,Class,https://w3id.org/citydata/part3/v1/diagrams/FootpathSection.dot.svg,https://w3id.org/citydata/part3/v1/FootpathSection,2026-07-23T17:44:22.205530
,TravelCorridorObjectProperty,TravelCorridorObjectProperty,"Added for organizational purposes, to identify all object properties defined in the Travel Corridor Pattern.",ObjectProperty,,https://w3id.org/citydata/part3/v1/TravelCorridorObjectProperty,2026-07-23T17:44:22.205530
,TravelCorridorThing,TravelCorridorThing,"Added for organizational purposes, to identify all classes defined in the Travel Corridor Pattern.",ObjectProperty,,https://w3id.org/citydata/part3/v1/TravelCorridorThing,2026-07-23T17:44:22.205530
,corridorElement,corridorElement,An NetworkElement that is considered to be part of the larger transport corridor.,ObjectProperty,,https://w3id.org/citydata/part3/v1/corridorElement,2026-07-23T17:44:22.205530
,ITSObjectProperty,ITSObjectProperty,"Added for organizational purposes, to identify all object properties defined for the transport service of the City Data Model.",ObjectProperty,,https://w3id.org/citydata/part3/v1/ITSObjectProperty,2026-07-23T17:44:22.205530
,RoadNetworkObjectProperty,RoadNetworkObjectProperty,"Added for organizational purposes, to identify all object properties defined in the Road Network Pattern.",ObjectProperty,,https://w3id.org/citydata/part3/v1/RoadNetworkObjectProperty,2026-07-23T17:44:22.205530
,capacity,capacity,The rated capacity of the object.,ObjectProperty,,https://w3id.org/citydata/part3/v1/capacity,2026-07-23T17:44:22.205530
,next,next,The next sequential object in a series.,ObjectProperty,,https://w3id.org/citydata/part3/v1/next,2026-07-23T17:44:22.205530
,pavementType,pavementType,Code indicating the type of material used for the surfacing of the roadway.,ObjectProperty,,https://w3id.org/citydata/part3/v1/pavementType,2026-07-23T17:44:22.205530
,previous,previous,The previous sequential object in a series.,ObjectProperty,,https://w3id.org/citydata/part3/v1/previous,2026-07-23T17:44:22.205530
,primaryUser,primaryUser,A code indicating the type of user for which the described object was primarily designed. Other users may be allowed.,ObjectProperty,,https://w3id.org/citydata/part3/v1/primaryUser,2026-07-23T17:44:22.205530
,speedLimit,speedLimit,The maximum legal speed.,ObjectProperty,,https://w3id.org/citydata/part3/v1/speedLimit,2026-07-23T17:44:22.205530
,travelTime,travelTime,The time to travel the length of the object.,ObjectProperty,,https://w3id.org/citydata/part3/v1/travelTime,2026-07-23T17:44:22.205530
,usedBy,usedBy,The categories of users that use the RoadLink,ObjectProperty,,https://w3id.org/citydata/part3/v1/usedBy,2026-07-23T17:44:22.205530
,userCategory,userCategory,A code indicating the type of user.,ObjectProperty,,https://w3id.org/citydata/part3/v1/userCategory,2026-07-23T17:44:22.205530
,uses,uses,The RoadLink a user category is associated with.,ObjectProperty,,https://w3id.org/citydata/part3/v1/uses,2026-07-23T17:44:22.205530
,width,width,The width of the object.,ObjectProperty,,https://w3id.org/citydata/part3/v1/width,2026-07-23T17:44:22.205530
,PublicTransportSystemObjectProperty,PublicTransportSystemObjectProperty,"Added for organizational purposes, to identify all object properties defined in the Public Transport System Pattern.",ObjectProperty,,https://w3id.org/citydata/part3/v1/PublicTransportSystemObjectProperty,2026-07-23T17:44:22.205530
,direction,direction,A code representing the direction of operation.,ObjectProperty,,https://w3id.org/citydata/part3/v1/direction,2026-07-23T17:44:22.205530
,routePoint,routePoint,A TransportNode that represents a point of interest along a PublicTransportRoute.,ObjectProperty,,https://w3id.org/citydata/part3/v1/routePoint,2026-07-23T17:44:22.205530
,routePointType,routePointType,An indication of the type of route point.,ObjectProperty,,https://w3id.org/citydata/part3/v1/routePointType,2026-07-23T17:44:22.205530
,routePoints,routePoints,An ordered series of route points along a PublicTransportRoute.,ObjectProperty,,https://w3id.org/citydata/part3/v1/routePoints,2026-07-23T17:44:22.205530
,TransportAlertObjectProperty,TransportAlertObjectProperty,"Added for organizational purposes, to identify all object properties defined in the Transport Alert Pattern.",ObjectProperty,,https://w3id.org/citydata/part3/v1/TransportAlertObjectProperty,2026-07-23T17:44:22.205530
,affects,affects,The NetworkElements affected by the effect,ObjectProperty,,https://w3id.org/citydata/part3/v1/affects,2026-07-23T17:44:22.205530
,TransportNetworkObjectProperty,TransportNetworkObjectProperty,"Added for organizational purposes, to identify all object properties defined in the Transport Network Pattern.",ObjectProperty,,https://w3id.org/citydata/part3/v1/TransportNetworkObjectProperty,2026-07-23T17:44:22.205530
,allowedDirections,allowedDirections,A code list indicating the allowed directions for a particular line.,ObjectProperty,,https://w3id.org/citydata/part3/v1/allowedDirections,2026-07-23T17:44:22.205530
,egress,egress,An exit link from a node.,ObjectProperty,,https://w3id.org/citydata/part3/v1/egress,2026-07-23T17:44:22.205530
,from,from,the starting node of a link.,ObjectProperty,,https://w3id.org/citydata/part3/v1/from,2026-07-23T17:44:22.205530
,ingress,ingress,An entry link to a node.,ObjectProperty,,https://w3id.org/citydata/part3/v1/ingress,2026-07-23T17:44:22.205530
,status,status,The operational status.,ObjectProperty,,https://w3id.org/citydata/part3/v1/status,2026-07-23T17:44:22.205530
,timeInterval,timeInterval,The time interval during which the code applies.,ObjectProperty,,https://w3id.org/citydata/part3/v1/timeInterval,2026-07-23T17:44:22.205530
,to,to,The end node of a link.,ObjectProperty,,https://w3id.org/citydata/part3/v1/to,2026-07-23T17:44:22.205530
,travelCorridorSegment,travelCorridorSegment,TravelCorridorSegments to which this TravelledWaySegment is associated.,ObjectProperty,,https://w3id.org/citydata/part3/v1/travelCorridorSegment,2026-07-23T17:44:22.205530
,ITSDataProperty,ITSDataProperty,"Added for organizational purposes, to identify all data properties defined for the transport service of the City Data Model.",DatatypeProperty,,https://w3id.org/citydata/part3/v1/ITSDataProperty,2026-07-23T17:44:22.205530
,RoadNetworkDataProperty,RoadNetworkDataProperty,"Added for organizational purposes, to identify all data properties defined in the Road Network Pattern.",DatatypeProperty,,https://w3id.org/citydata/part3/v1/RoadNetworkDataProperty,2026-07-23T17:44:22.205530
,maxLanes,maxLanes,The maximum number of lanes available for the RoadLink within any RoadSegment within the RoadLink.,DatatypeProperty,,https://w3id.org/citydata/part3/v1/maxLanes,2026-07-23T17:44:22.205530
,numLanes,numLanes,The number of lanes within the RoadSegment.,DatatypeProperty,,https://w3id.org/citydata/part3/v1/numLanes,2026-07-23T17:44:22.205530
,PublicTransportSystemDataProperty,PublicTransportSystemDataProperty,"Added for organizational purposes, to identify all data properties defined in the Public Transport System Pattern.",DatatypeProperty,,https://w3id.org/citydata/part3/v1/PublicTransportSystemDataProperty,2026-07-23T17:44:22.205530
,index,index,integer value that indicates the order of the item in a list,DatatypeProperty,,https://w3id.org/citydata/part3/v1/index,2026-07-23T17:44:22.205530
,isBorderCrossing,isBorderCrossing,A boolean value that indicates whether the node serves as a border crossing.,DatatypeProperty,,https://w3id.org/citydata/part3/v1/isBorderCrossing,2026-07-23T17:44:22.205530
,isViaPoint,isViaPoint,A boolean value that indicates whether the node is referenced as a part-way point on a route.,DatatypeProperty,,https://w3id.org/citydata/part3/v1/isViaPoint,2026-07-23T17:44:22.205530
,TransportNetworkDataProperty,TransportNetworkDataProperty,"Added for organizational purposes, to identify all data properties defined in the Transport Network Pattern.",DatatypeProperty,,https://w3id.org/citydata/part3/v1/TransportNetworkDataProperty,2026-07-23T17:44:22.205530
,designator,designator,A name assigned to the object.,DatatypeProperty,,https://w3id.org/citydata/part3/v1/designator,2026-07-23T17:44:22.205530
